ID commande;Retourné
ES-2015-5389384;Oui
ES-2015-3638264;Oui
IT-2014-1498487;Oui
IT-2015-3941500;Oui
ES-2013-4840257;Oui
ES-2013-1845274;Oui
ES-2012-5201850;Oui
ES-2014-1610512;Oui
ES-2015-1325616;Oui
ES-2015-1006842;Oui
ES-2013-3715659;Oui
ES-2015-2901069;Oui
ES-2012-3108517;Oui
ES-2015-5296123;Oui
ES-2015-1006059;Oui
IT-2014-1665440;Oui
IT-2012-2536577;Oui
ES-2013-4717022;Oui
ES-2013-1382586;Oui
ES-2015-4385660;Oui
IT-2014-4869515;Oui
ES-2015-1178010;Oui
IT-2015-5470294;Oui
ES-2015-4616921;Oui
ES-2015-5166372;Oui
ES-2014-5616549;Oui
ES-2014-4429605;Oui
ES-2015-5385720;Oui
ES-2014-2091965;Oui
IT-2015-4499061;Oui
ES-2014-5685466;Oui
ES-2013-4079399;Oui
ES-2012-5263174;Oui
ES-2014-1525878;Oui
ES-2013-3330001;Oui
ES-2013-5897153;Oui
ES-2014-1217902;Oui
ES-2014-3323529;Oui
ES-2012-3106999;Oui
IT-2012-4648014;Oui
ES-2013-1439531;Oui
ES-2013-3246286;Oui
ES-2013-5745179;Oui
ES-2013-5845607;Oui
ES-2013-2280466;Oui
ES-2014-5734148;Oui
IT-2014-3060899;Oui
ES-2013-5757351;Oui
ES-2012-5118812;Oui
ES-2015-4626156;Oui
ES-2014-2310454;Oui
ES-2015-4505254;Oui
ES-2014-1341762;Oui
ES-2014-5259588;Oui
ES-2012-4694484;Oui
ES-2012-1137137;Oui
ES-2013-1484906;Oui
ES-2015-4967939;Oui
ES-2015-4079805;Oui
IT-2014-4864604;Oui
ES-2015-4856325;Oui
ES-2015-1620754;Oui
ES-2013-5959969;Oui
ES-2015-5710826;Oui
ES-2015-2905780;Oui
ES-2015-5297792;Oui
ES-2015-5900887;Oui
ES-2015-3424970;Oui
ES-2013-4193401;Oui
ES-2012-3028321;Oui
ES-2015-1703772;Oui
ES-2014-2339975;Oui
ES-2012-3305419;Oui
IT-2012-4913414;Oui
ES-2014-5246151;Oui
ES-2015-1734818;Oui
ES-2015-4472745;Oui
ES-2015-4442693;Oui
ES-2014-2639112;Oui
ES-2012-2417338;Oui
ES-2012-5389664;Oui
ES-2015-5835827;Oui
ES-2015-1193193;Oui
ES-2015-3730302;Oui
ES-2014-3570218;Oui
ES-2013-4844965;Oui
ES-2014-4569090;Oui
IT-2012-3468929;Oui
ES-2014-1268416;Oui
ES-2014-1835691;Oui
ES-2013-3471401;Oui
IT-2013-3986604;Oui
ES-2012-5803751;Oui
ES-2015-3277356;Oui
ES-2015-1526550;Oui
ES-2015-2524646;Oui
ES-2012-4816650;Oui
ES-2012-3074997;Oui
IT-2015-4920177;Oui
ES-2014-3285003;Oui
ES-2012-3654318;Oui
ES-2014-3061639;Oui
ES-2015-5621218;Oui
ES-2015-1873734;Oui
IT-2015-3831682;Oui
ES-2015-1197792;Oui
ES-2014-4790317;Oui
ES-2014-3877962;Oui
ES-2014-2335535;Oui
ES-2012-3864297;Oui
IT-2015-4273010;Oui
ES-2013-2376426;Oui
ES-2012-5273102;Oui
IT-2014-3159247;Oui
IT-2012-2911544;Oui
ES-2013-3075381;Oui
ES-2015-5438886;Oui
ES-2014-2638509;Oui
ES-2015-2731678;Oui
ES-2015-5275437;Oui
ES-2015-3380674;Oui
ES-2013-3679676;Oui
ES-2014-3159008;Oui
IT-2015-1858881;Oui
ES-2015-2439745;Oui
ES-2015-5444511;Oui
ES-2014-1795340;Oui
ES-2014-4375143;Oui
ES-2015-5060319;Oui
ES-2015-2557751;Oui
ES-2015-2504689;Oui
ES-2015-4147581;Oui
IT-2013-3746228;Oui
ES-2014-4441922;Oui
IT-2014-2280110;Oui
ES-2014-5623189;Oui
ES-2013-4250639;Oui
ES-2012-1868803;Oui
ES-2012-1141056;Oui
ES-2014-1874583;Oui
ES-2013-2431083;Oui
IT-2015-1725451;Oui
ES-2013-5944655;Oui
ES-2013-5207465;Oui
ES-2015-2851130;Oui
ES-2013-5238758;Oui
IT-2014-3468927;Oui
ES-2014-2406661;Oui
ES-2014-4487295;Oui
ES-2014-3007238;Oui
ES-2015-3609825;Oui
ES-2014-1706935;Oui
IT-2014-3876077;Oui
ES-2014-4897406;Oui
ES-2015-5830221;Oui
ES-2015-4387160;Oui
ES-2014-4009230;Oui
ES-2014-2645491;Oui
ES-2015-2385129;Oui
ES-2015-2042578;Oui
IT-2015-5517515;Oui
IT-2012-1646767;Oui
ES-2014-5239444;Oui
ES-2014-5881573;Oui
ES-2015-2933395;Oui
ES-2015-2638373;Oui
ES-2013-3631542;Oui
ES-2014-2003988;Oui
ES-2015-2783426;Oui
IT-2012-2861112;Oui
ES-2013-5645358;Oui
ES-2015-5822421;Oui
ES-2013-1363320;Oui
ES-2015-1224526;Oui
IT-2013-3613157;Oui
ES-2015-2411166;Oui
IT-2013-1180980;Oui
ES-2012-3366039;Oui
ES-2012-4351366;Oui
ES-2015-4295205;Oui
ES-2012-3249098;Oui
ES-2013-1295099;Oui
ES-2012-2835499;Oui
ES-2015-2697033;Oui
ES-2013-3697227;Oui
ES-2013-2270219;Oui
ES-2015-2280822;Oui
ES-2015-1637041;Oui
ES-2015-5247585;Oui
IT-2012-1521406;Oui
ES-2014-4184078;Oui
IT-2015-2508683;Oui
ES-2015-1012006;Oui
IT-2015-5465876;Oui
ES-2015-5368780;Oui
ES-2014-3446925;Oui
ES-2014-3508441;Oui
ES-2013-4485887;Oui
ES-2013-2088434;Oui
ES-2015-1182889;Oui
ES-2014-3425110;Oui
ES-2014-3547323;Oui
ES-2015-1015287;Oui
ES-2014-5911126;Oui
ES-2015-4359397;Oui
ES-2012-4359424;Oui
ES-2013-3327222;Oui
ES-2013-2212320;Oui
ES-2015-2228032;Oui
ES-2013-3362320;Oui
ES-2014-3093926;Oui
ES-2015-5666305;Oui
IT-2014-2720003;Oui
ES-2015-4963892;Oui
IT-2015-1147467;Oui
IT-2015-2068457;Oui
ES-2013-4379168;Oui
ES-2014-4972434;Oui
ES-2014-4116050;Oui
ES-2013-5466966;Oui
ES-2013-5365524;Oui
ES-2013-1211902;Oui
ES-2014-2603153;Oui
ES-2014-1093488;Oui
IT-2015-1082723;Oui
IT-2012-4812190;Oui
ES-2013-4007496;Oui
ES-2013-1721838;Oui
ES-2015-4535588;Oui
IT-2014-4354136;Oui
ES-2014-1727818;Oui
ES-2015-2299862;Oui
ES-2014-5648133;Oui
ES-2012-1228490;Oui
IT-2013-5711400;Oui
ES-2013-5566923;Oui
ES-2014-5106699;Oui
ES-2015-4598380;Oui
ES-2014-2491395;Oui
ES-2014-1906012;Oui
ES-2013-4829315;Oui
ES-2015-1627638;Oui
ES-2014-5002349;Oui
ES-2015-2769035;Oui
ES-2014-1925248;Oui
ES-2012-5464858;Oui
ES-2015-1398657;Oui
ES-2015-2979530;Oui
ES-2013-2223096;Oui
ES-2014-3988133;Oui
ES-2014-5246295;Oui
ES-2013-2680511;Oui
ES-2013-5923089;Oui
ES-2012-1443340;Oui
ES-2014-5746149;Oui
IT-2013-3091951;Oui
ES-2014-2745392;Oui
ES-2012-5032747;Oui
ES-2012-1276768;Oui
ES-2013-4662036;Oui
ES-2014-4650117;Oui
IT-2014-4962578;Oui
ES-2014-4190886;Oui
ES-2014-3078948;Oui
ES-2013-4286133;Oui
ES-2014-3927096;Oui
IT-2014-3253363;Oui
IT-2014-3395178;Oui
ES-2015-1651774;Oui
ES-2014-1785128;Oui
ES-2014-1713812;Oui
ES-2013-2102738;Oui
ES-2015-4401602;Oui
IT-2014-3132916;Oui
ES-2015-5762425;Oui
ES-2014-2048769;Oui
ES-2015-5706764;Oui
ES-2015-4790238;Oui
ES-2013-4804562;Oui
ES-2013-1986848;Oui
ES-2015-5513140;Oui
ES-2014-1072619;Oui
IT-2015-2277753;Oui
ES-2015-5891109;Oui
